"","name","scientificName","genus","species","decimalLongitude","decimalLatitude","country"
"1","Psammobates pardalis","Geochelone pardalis Vinke, 2005","Psammobates","Psammobates pardalis",34.74701,-2.61933,"Tanzania, United Republic of"
"2","Psammobates pardalis","Stigmochelys pardalis Valverde, 2005","Psammobates","Psammobates pardalis",31.842,-28.30692,"South Africa"
"3","Psammobates pardalis","Stigmochelys pardalis Valverde, 2005","Psammobates","Psammobates pardalis",28.606,-20.17238,"Zimbabwe"
"4","Psammobates pardalis","Stigmochelys pardalis Valverde, 2005","Psammobates","Psammobates pardalis",28.42335,-20.14221,"Zimbabwe"
"5","Psammobates pardalis","Stigmochelys pardalis Valverde, 2005","Psammobates","Psammobates pardalis",31.28082,-24.91822,"South Africa"
"6","Psammobates tentorius","Psammobates tentorius subsp. tentorius","Psammobates","Psammobates tentorius",20.5556,-32.1024,"South Africa"
"7","Psammobates pardalis","Geochelone pardalis Vinke, 2005","Psammobates","Psammobates pardalis",36.04477,-4.07797,"Tanzania, United Republic of"
"8","Psammobates pardalis","Stigmochelys pardalis Valverde, 2005","Psammobates","Psammobates pardalis",25.75046,-33.45495,"South Africa"
"9","Psammobates pardalis","Stigmochelys pardalis Valverde, 2005","Psammobates","Psammobates pardalis",35.127,-1.47765,"Kenya"
"10","Psammobates pardalis","Geochelone pardalis Vinke, 2005","Psammobates","Psammobates pardalis",31.6172,-25.16298,"South Africa"
"11","Psammobates pardalis","Stigmochelys pardalis Valverde, 2005","Psammobates","Psammobates pardalis",24.99834,-17.83604,"Botswana"
"12","Psammobates pardalis","Stigmochelys pardalis Valverde, 2005","Psammobates","Psammobates pardalis",30.96667,-24.35,"South Africa"
"13","Psammobates pardalis","Geochelone pardalis Vinke, 2005","Psammobates","Psammobates pardalis",36.04477,-4.07797,"Tanzania, United Republic of"
"14","Psammobates pardalis","Geochelone pardalis Vinke, 2005","Psammobates","Psammobates pardalis",36.05095,0.64681,"Kenya"
"15","Psammobates pardalis","Geochelone pardalis Vinke, 2005","Psammobates","Psammobates pardalis",36.04477,-4.07797,"Tanzania, United Republic of"
"16","Psammobates pardalis","Stigmochelys pardalis Valverde, 2005","Psammobates","Psammobates pardalis",33.93368,-2.15805,"Tanzania, United Republic of"
"17","Psammobates pardalis","Stigmochelys pardalis Valverde, 2005","Psammobates","Psammobates pardalis",33.90014,-2.17078,"Tanzania, United Republic of"
"18","Psammobates pardalis","Geochelone pardalis Vinke, 2005","Psammobates","Psammobates pardalis",36.08322,-0.35019,"Kenya"
"19","Psammobates pardalis","Geochelone pardalis Vinke, 2005","Psammobates","Psammobates pardalis",36.0997,0.25955,"Kenya"
"20","Psammobates pardalis","Stigmochelys pardalis Valverde, 2005","Psammobates","Psammobates pardalis",19.2659,-34.39338,"South Africa"
"21","Psammobates pardalis","Geochelone pardalis Vinke, 2005","Psammobates","Psammobates pardalis",14.6363,-19.39441,"Namibia"
"22","Psammobates oculifer","Psammobates oculiferus King, 1989","Psammobates","Psammobates oculifer",20.76133,-18.50574,"Namibia"
"23","Psammobates pardalis","Geochelone pardalis Vinke, 2005","Psammobates","Psammobates pardalis",35.02716,-1.22763,"Kenya"
"24","Psammobates pardalis","Geochelone pardalis Vinke, 2005","Psammobates","Psammobates pardalis",35.02716,-1.22763,"Kenya"
"25","Psammobates pardalis","Geochelone pardalis Vinke, 2005","Psammobates","Psammobates pardalis",22.22534,-32.22442,"South Africa"
"26","Psammobates pardalis","Geochelone pardalis Vinke, 2005","Psammobates","Psammobates pardalis",22.22534,-32.22442,"South Africa"
"27","Psammobates pardalis","Stigmochelys pardalis Valverde, 2005","Psammobates","Psammobates pardalis",35.206,-18.045,"Mozambique"
"28","Psammobates pardalis","Stigmochelys pardalis Valverde, 2005","Psammobates","Psammobates pardalis",31.59913,-25.00697,"South Africa"
"29","Psammobates pardalis","Stigmochelys pardalis Valverde, 2005","Psammobates","Psammobates pardalis",26.955,-18.735,"Zimbabwe"
"30","Psammobates pardalis","Stigmochelys pardalis Valverde, 2005","Psammobates","Psammobates pardalis",NA,NA,"United States"
"31","Psammobates pardalis","Geochelone pardalis Vinke, 2005","Psammobates","Psammobates pardalis",25.41412,-33.26395,"South Africa"
"32","Psammobates pardalis","Geochelone pardalis Vinke, 2005","Psammobates","Psammobates pardalis",17.16347,-19.65447,"Namibia"
"33","Psammobates pardalis","Stigmochelys pardalis Valverde, 2005","Psammobates","Psammobates pardalis",NA,NA,"South Africa"
"34","Psammobates pardalis","Stigmochelys pardalis Valverde, 2005","Psammobates","Psammobates pardalis",NA,NA,"South Africa"
"35","Psammobates pardalis","Stigmochelys pardalis Valverde, 2005","Psammobates","Psammobates pardalis",NA,NA,"South Africa"
"36","Psammobates pardalis","Stigmochelys pardalis Valverde, 2005","Psammobates","Psammobates pardalis",NA,NA,"South Africa"
"37","Psammobates pardalis","Stigmochelys pardalis Valverde, 2005","Psammobates","Psammobates pardalis",NA,NA,"South Africa"
"38","Psammobates pardalis","Stigmochelys pardalis Valverde, 2005","Psammobates","Psammobates pardalis",NA,NA,"South Africa"
"39","Psammobates pardalis","Stigmochelys pardalis Valverde, 2005","Psammobates","Psammobates pardalis",NA,NA,"South Africa"
"40","Psammobates pardalis","Stigmochelys pardalis Valverde, 2005","Psammobates","Psammobates pardalis",NA,NA,"South Africa"
"41","Psammobates pardalis","Stigmochelys pardalis Valverde, 2005","Psammobates","Psammobates pardalis",25.74755,-33.47009,"South Africa"
"42","Psammobates pardalis","Stigmochelys pardalis Valverde, 2005","Psammobates","Psammobates pardalis",NA,NA,"South Africa"
"43","Psammobates pardalis","Stigmochelys pardalis Valverde, 2005","Psammobates","Psammobates pardalis",NA,NA,"South Africa"
"44","Psammobates pardalis","Stigmochelys pardalis Valverde, 2005","Psammobates","Psammobates pardalis",NA,NA,"South Africa"
"45","Psammobates pardalis","Stigmochelys pardalis Valverde, 2005","Psammobates","Psammobates pardalis",NA,NA,"South Africa"
"46","Psammobates pardalis","Stigmochelys pardalis Valverde, 2005","Psammobates","Psammobates pardalis",NA,NA,"South Africa"
"47","Psammobates pardalis","Stigmochelys pardalis Valverde, 2005","Psammobates","Psammobates pardalis",NA,NA,"South Africa"
"48","Psammobates pardalis","Stigmochelys pardalis Valverde, 2005","Psammobates","Psammobates pardalis",31.19019,-24.08659,"South Africa"
"49","Psammobates pardalis","Stigmochelys pardalis Valverde, 2005","Psammobates","Psammobates pardalis",31.49404,-25.14046,"South Africa"
"50","Psammobates oculifer","Psammobates oculifer Kuhl, 1820","Psammobates","Psammobates oculifer",NA,NA,"South Africa"
"51","Psammobates pardalis","Stigmochelys pardalis Valverde, 2005","Psammobates","Psammobates pardalis",NA,NA,"South Africa"
"52","Psammobates tentorius","Psammobates tentorius trimeni (Boulenger, 1886)","Psammobates","Psammobates tentorius",NA,NA,"South Africa"
"53","Psammobates geometricus","Psammobates geometricus Linnaeus, 1758","Psammobates","Psammobates geometricus",NA,NA,"South Africa"
"54","Psammobates pardalis","Stigmochelys pardalis Valverde, 2005","Psammobates","Psammobates pardalis",NA,NA,"South Africa"
"55","Psammobates pardalis","Stigmochelys pardalis Valverde, 2005","Psammobates","Psammobates pardalis",NA,NA,"South Africa"
"56","Psammobates pardalis","Stigmochelys pardalis Valverde, 2005","Psammobates","Psammobates pardalis",NA,NA,"South Africa"
"57","Psammobates pardalis","Stigmochelys pardalis Valverde, 2005","Psammobates","Psammobates pardalis",NA,NA,"South Africa"
"58","Psammobates pardalis","Stigmochelys pardalis Valverde, 2005","Psammobates","Psammobates pardalis",NA,NA,"South Africa"
"59","Psammobates pardalis","Stigmochelys pardalis Valverde, 2005","Psammobates","Psammobates pardalis",NA,NA,"South Africa"
"60","Psammobates pardalis","Stigmochelys pardalis Valverde, 2005","Psammobates","Psammobates pardalis",NA,NA,"South Africa"
"61","Psammobates pardalis","Stigmochelys pardalis Valverde, 2005","Psammobates","Psammobates pardalis",NA,NA,"South Africa"
"62","Psammobates pardalis","Stigmochelys pardalis Valverde, 2005","Psammobates","Psammobates pardalis",NA,NA,"South Africa"
"63","Psammobates pardalis","Stigmochelys pardalis Valverde, 2005","Psammobates","Psammobates pardalis",22.10671,-22.40062,"Botswana"
"64","Psammobates pardalis","Stigmochelys pardalis Valverde, 2005","Psammobates","Psammobates pardalis",NA,NA,"South Africa"
"65","Psammobates pardalis","Stigmochelys pardalis Valverde, 2005","Psammobates","Psammobates pardalis",NA,NA,"South Africa"
"66","Psammobates pardalis","Stigmochelys pardalis Valverde, 2005","Psammobates","Psammobates pardalis",NA,NA,"South Africa"
"67","Psammobates pardalis","Stigmochelys pardalis Valverde, 2005","Psammobates","Psammobates pardalis",NA,NA,"South Africa"
"68","Psammobates oculifer","Psammobates oculifer Kuhl, 1820","Psammobates","Psammobates oculifer",NA,NA,"South Africa"
"69","Psammobates pardalis","Stigmochelys pardalis Valverde, 2005","Psammobates","Psammobates pardalis",NA,NA,"South Africa"
"70","Psammobates pardalis","Stigmochelys pardalis Valverde, 2005","Psammobates","Psammobates pardalis",NA,NA,"South Africa"
"71","Psammobates pardalis","Stigmochelys pardalis Valverde, 2005","Psammobates","Psammobates pardalis",NA,NA,"South Africa"
"72","Psammobates pardalis","Stigmochelys pardalis Valverde, 2005","Psammobates","Psammobates pardalis",NA,NA,"South Africa"
"73","Psammobates pardalis","Stigmochelys pardalis Valverde, 2005","Psammobates","Psammobates pardalis",NA,NA,"South Africa"
"74","Psammobates pardalis","Stigmochelys pardalis Valverde, 2005","Psammobates","Psammobates pardalis",NA,NA,"South Africa"
"75","Psammobates pardalis","Stigmochelys pardalis Valverde, 2005","Psammobates","Psammobates pardalis",NA,NA,"South Africa"
"76","Psammobates pardalis","Stigmochelys pardalis Valverde, 2005","Psammobates","Psammobates pardalis",NA,NA,"South Africa"
"77","Psammobates pardalis","Stigmochelys pardalis Valverde, 2005","Psammobates","Psammobates pardalis",NA,NA,"South Africa"
"78","Psammobates pardalis","Stigmochelys pardalis Valverde, 2005","Psammobates","Psammobates pardalis",NA,NA,"South Africa"
"79","Psammobates pardalis","Stigmochelys pardalis Valverde, 2005","Psammobates","Psammobates pardalis",NA,NA,"South Africa"
"80","Psammobates pardalis","Stigmochelys pardalis Valverde, 2005","Psammobates","Psammobates pardalis",NA,NA,"South Africa"
"81","Psammobates pardalis","Stigmochelys pardalis Valverde, 2005","Psammobates","Psammobates pardalis",NA,NA,"South Africa"
"82","Psammobates pardalis","Stigmochelys pardalis Valverde, 2005","Psammobates","Psammobates pardalis",NA,NA,"South Africa"
"83","Psammobates pardalis","Stigmochelys pardalis Valverde, 2005","Psammobates","Psammobates pardalis",NA,NA,"South Africa"
"84","Psammobates pardalis","Stigmochelys pardalis Valverde, 2005","Psammobates","Psammobates pardalis",NA,NA,"South Africa"
"85","Psammobates pardalis","Stigmochelys pardalis Valverde, 2005","Psammobates","Psammobates pardalis",21.60049,-22.40024,"Botswana"
"86","Psammobates tentorius","Psammobates tentorius subsp. tentorius","Psammobates","Psammobates tentorius",NA,NA,"South Africa"
"87","Psammobates pardalis","Stigmochelys pardalis Valverde, 2005","Psammobates","Psammobates pardalis",NA,NA,"South Africa"
"88","Psammobates pardalis","Stigmochelys pardalis Valverde, 2005","Psammobates","Psammobates pardalis",NA,NA,"South Africa"
"89","Psammobates pardalis","Stigmochelys pardalis Valverde, 2005","Psammobates","Psammobates pardalis",29.48149,-23.97712,"South Africa"
"90","Psammobates pardalis","Stigmochelys pardalis Valverde, 2005","Psammobates","Psammobates pardalis",NA,NA,"South Africa"
"91","Psammobates pardalis","Stigmochelys pardalis Valverde, 2005","Psammobates","Psammobates pardalis",NA,NA,"South Africa"
"92","Psammobates oculifer","Psammobates oculiferus King, 1989","Psammobates","Psammobates oculifer",21.66514,-21.73646,"Botswana"
"93","Psammobates pardalis","Stigmochelys pardalis Valverde, 2005","Psammobates","Psammobates pardalis",21.66083,-21.74092,"Botswana"
"94","Psammobates pardalis","Stigmochelys pardalis Valverde, 2005","Psammobates","Psammobates pardalis",NA,NA,"South Africa"
"95","Psammobates oculifer","Psammobates oculiferus King, 1989","Psammobates","Psammobates oculifer",21.66489,-21.73642,"Botswana"
"96","Psammobates pardalis","Stigmochelys pardalis Valverde, 2005","Psammobates","Psammobates pardalis",NA,NA,"South Africa"
"97","Psammobates tentorius","Psammobates tentorius subsp. tentorius","Psammobates","Psammobates tentorius",NA,NA,"South Africa"
"98","Psammobates pardalis","Stigmochelys pardalis Valverde, 2005","Psammobates","Psammobates pardalis",NA,NA,"South Africa"
"99","Psammobates pardalis","Stigmochelys pardalis Valverde, 2005","Psammobates","Psammobates pardalis",NA,NA,"South Africa"
"100","Psammobates pardalis","Stigmochelys pardalis Valverde, 2005","Psammobates","Psammobates pardalis",NA,NA,"South Africa"
"101","Psammobates pardalis","Geochelone pardalis Vinke, 2005","Psammobates","Psammobates pardalis",31.6172,-25.16298,"South Africa"
"102","Psammobates pardalis","Geochelone pardalis Vinke, 2005","Psammobates","Psammobates pardalis",36.08322,-0.35019,"Kenya"
"103","Psammobates pardalis","Stigmochelys pardalis Valverde, 2005","Psammobates","Psammobates pardalis",35.10313,-1.90696,"Tanzania, United Republic of"
"104","Psammobates pardalis","Geochelone pardalis Vinke, 2005","Psammobates","Psammobates pardalis",16.7981,-18.8725,"Namibia"
"105","Psammobates pardalis","Geochelone pardalis Vinke, 2005","Psammobates","Psammobates pardalis",NA,NA,NA
"106","Psammobates pardalis","Geochelone pardalis Vinke, 2005","Psammobates","Psammobates pardalis",43.146,9.9705,"Somalia"
"107","Psammobates pardalis","Geochelone pardalis Vinke, 2005","Psammobates","Psammobates pardalis",43.146,9.9705,"Somalia"
"108","Psammobates pardalis","Stigmochelys pardalis Valverde, 2005","Psammobates","Psammobates pardalis",NA,NA,NA
"109","Psammobates geometricus","Psammobates geometricus Linnaeus, 1758","Psammobates","Psammobates geometricus",NA,NA,NA
"110","Psammobates pardalis","Geochelone pardalis Vinke, 2005","Psammobates","Psammobates pardalis",NA,NA,NA
"111","Psammobates pardalis","Geochelone pardalis Vinke, 2005","Psammobates","Psammobates pardalis",NA,NA,NA
"112","Psammobates pardalis","Geochelone pardalis Vinke, 2005","Psammobates","Psammobates pardalis",NA,NA,NA
"113","Psammobates pardalis","Geochelone pardalis Vinke, 2005","Psammobates","Psammobates pardalis",NA,NA,NA
"114","Psammobates pardalis","Geochelone pardalis Vinke, 2005","Psammobates","Psammobates pardalis",NA,NA,NA
"115","Psammobates pardalis","Geochelone pardalis Vinke, 2005","Psammobates","Psammobates pardalis",NA,NA,NA
"116","Psammobates pardalis","Geochelone pardalis Vinke, 2005","Psammobates","Psammobates pardalis",NA,NA,NA
"117","Psammobates pardalis","Geochelone pardalis Vinke, 2005","Psammobates","Psammobates pardalis",NA,NA,"South Africa"
"118","Psammobates pardalis","Geochelone pardalis Vinke, 2005","Psammobates","Psammobates pardalis",31.33333,-24.38333,"South Africa"
"119","Psammobates pardalis","Geochelone pardalis Vinke, 2005","Psammobates","Psammobates pardalis",31.1,-24.06667,"South Africa"
"120","Psammobates pardalis","Geochelone pardalis Vinke, 2005","Psammobates","Psammobates pardalis",31.46667,-26.45,"Swaziland"
"121","Psammobates pardalis","Geochelone pardalis Vinke, 2005","Psammobates","Psammobates pardalis",31.39785,-23.52011,"South Africa"
"122","Psammobates oculifer","Psammobates oculiferus King, 1989","Psammobates","Psammobates oculifer",28.16667,-25.9,"South Africa"
"123","Psammobates pardalis","Geochelone pardalis Vinke, 2005","Psammobates","Psammobates pardalis",NA,NA,NA
"124","Psammobates pardalis","Geochelone pardalis Vinke, 2005","Psammobates","Psammobates pardalis",36.04477,-4.07797,"Tanzania, United Republic of"
"125","Psammobates pardalis","Geochelone pardalis Vinke, 2005","Psammobates","Psammobates pardalis",24.01667,-30.66667,"South Africa"
"126","Psammobates pardalis","Geochelone pardalis Vinke, 2005","Psammobates","Psammobates pardalis",14.387,-19.63433,"Namibia"
"127","Psammobates oculifer","Psammobates oculiferus King, 1989","Psammobates","Psammobates oculifer",NA,NA,"South Africa"
"128","Psammobates pardalis","Geochelone pardalis Vinke, 2005","Psammobates","Psammobates pardalis",NA,NA,NA
"129","Psammobates tentorius","Psammobates tentorius Bell, 1828","Psammobates","Psammobates tentorius",NA,NA,"South Africa"
"130","Psammobates pardalis","Geochelone pardalis Vinke, 2005","Psammobates","Psammobates pardalis",NA,NA,"South Africa"
"131","Psammobates pardalis","Geochelone pardalis Vinke, 2005","Psammobates","Psammobates pardalis",35.20612,-1.09286,"Kenya"
"132","Psammobates pardalis","Geochelone pardalis Vinke, 2005","Psammobates","Psammobates pardalis",26.88333,-33.6,"South Africa"
"133","Psammobates pardalis","Geochelone pardalis Vinke, 2005","Psammobates","Psammobates pardalis",25.68333,-33.55,"South Africa"
"134","Psammobates tentorius","Psammobates tentorius Bell, 1828","Psammobates","Psammobates tentorius",20.55,-31.33333,"South Africa"
"135","Psammobates pardalis","Geochelone pardalis Vinke, 2005","Psammobates","Psammobates pardalis",NA,NA,NA
"136","Psammobates oculifer","Psammobates oculifer Kuhl, 1820","Psammobates","Psammobates oculifer",NA,NA,"South Africa"
"137","Psammobates tentorius","Psammobates tentorius Bell, 1828","Psammobates","Psammobates tentorius",18.3609,-27.74067,"Namibia"
"138","Psammobates tentorius","Psammobates tentorius Bell, 1828","Psammobates","Psammobates tentorius",NA,NA,"South Africa"
"139","Psammobates pardalis","Stigmochelys pardalis Valverde, 2005","Psammobates","Psammobates pardalis",NA,NA,NA
"140","Psammobates pardalis","Stigmochelys pardalis Valverde, 2005","Psammobates","Psammobates pardalis",NA,NA,NA
"141","Psammobates pardalis","Stigmochelys pardalis Valverde, 2005","Psammobates","Psammobates pardalis",NA,NA,NA
"142","Psammobates pardalis","Stigmochelys pardalis Valverde, 2005","Psammobates","Psammobates pardalis",NA,NA,NA
"143","Psammobates pardalis","Stigmochelys pardalis Valverde, 2005","Psammobates","Psammobates pardalis",NA,NA,NA
"144","Psammobates pardalis","Geochelone pardalis Vinke, 2005","Psammobates","Psammobates pardalis",NA,NA,NA
"145","Psammobates pardalis","Geochelone pardalis Vinke, 2005","Psammobates","Psammobates pardalis",31.46667,-24.63333,"South Africa"
"146","Psammobates tentorius","Psammobates tentorius Bell, 1828","Psammobates","Psammobates tentorius",17.75,-29.243,"South Africa"
"147","Psammobates tentorius","Psammobates tentorius Bell, 1828","Psammobates","Psammobates tentorius",17.75,-29.243,"South Africa"
"148","Psammobates pardalis","Geochelone pardalis Vinke, 2005","Psammobates","Psammobates pardalis",NA,NA,NA
"149","Psammobates pardalis","Geochelone pardalis Vinke, 2005","Psammobates","Psammobates pardalis",30.93333,-25.51667,"South Africa"
"150","Psammobates pardalis","Geochelone pardalis Vinke, 2005","Psammobates","Psammobates pardalis",32.03333,-27.6,"South Africa"
"151","Psammobates pardalis","Geochelone pardalis Vinke, 2005","Psammobates","Psammobates pardalis",31.35,-24.7,"South Africa"
"152","Psammobates pardalis","Geochelone pardalis Vinke, 2005","Psammobates","Psammobates pardalis",31.51667,-24.7,"South Africa"
"153","Psammobates oculifer","Psammobates oculiferus King, 1989","Psammobates","Psammobates oculifer",20.56667,-26.3,"South Africa"
"154","Psammobates oculifer","Psammobates oculiferus King, 1989","Psammobates","Psammobates oculifer",21.1,-23.7,"Botswana"
"155","Psammobates pardalis","Geochelone pardalis Vinke, 2005","Psammobates","Psammobates pardalis",31.46667,-24.63333,"South Africa"
"156","Psammobates pardalis","Geochelone pardalis Vinke, 2005","Psammobates","Psammobates pardalis",31.51667,-24.7,"South Africa"
"157","Psammobates pardalis","Geochelone pardalis Vinke, 2005","Psammobates","Psammobates pardalis",31.41667,-24.51667,"South Africa"
"158","Psammobates pardalis","Geochelone pardalis Vinke, 2005","Psammobates","Psammobates pardalis",31.46667,-24.63333,"South Africa"
"159","Psammobates pardalis","Geochelone pardalis Vinke, 2005","Psammobates","Psammobates pardalis",31.46667,-24.63333,"South Africa"
"160","Psammobates pardalis","Geochelone pardalis Vinke, 2005","Psammobates","Psammobates pardalis",31.46667,-24.63333,"South Africa"
"161","Psammobates pardalis","Geochelone pardalis Vinke, 2005","Psammobates","Psammobates pardalis",31.45,-24.6,"South Africa"
"162","Psammobates pardalis","Geochelone pardalis Vinke, 2005","Psammobates","Psammobates pardalis",31.45,-24.6,"South Africa"
"163","Psammobates pardalis","Geochelone pardalis Vinke, 2005","Psammobates","Psammobates pardalis",31.46667,-24.63333,"South Africa"
"164","Psammobates pardalis","Geochelone pardalis Vinke, 2005","Psammobates","Psammobates pardalis",21.36667,-26.28333,"Botswana"
"165","Psammobates tentorius","Psammobates tentorius Bell, 1828","Psammobates","Psammobates tentorius",23.05,-31.7,"South Africa"
"166","Psammobates oculifer","Psammobates oculiferus King, 1989","Psammobates","Psammobates oculifer",22.28333,-25.38333,"Botswana"
"167","Psammobates pardalis","Geochelone pardalis Vinke, 2005","Psammobates","Psammobates pardalis",31.13333,-24.56667,"South Africa"
"168","Psammobates pardalis","Geochelone pardalis Vinke, 2005","Psammobates","Psammobates pardalis",31.25,-24.73333,"South Africa"
"169","Psammobates pardalis","Geochelone pardalis Vinke, 2005","Psammobates","Psammobates pardalis",30.31667,-23.23333,"South Africa"
"170","Psammobates pardalis","Geochelone pardalis Vinke, 2005","Psammobates","Psammobates pardalis",NA,NA,NA
"171","Psammobates pardalis","Geochelone pardalis Vinke, 2005","Psammobates","Psammobates pardalis",30.33333,-23.23333,"South Africa"
"172","Psammobates pardalis","Geochelone pardalis Vinke, 2005","Psammobates","Psammobates pardalis",23.06667,-19.45,"Botswana"
"173","Psammobates pardalis","Stigmochelys pardalis Valverde, 2005","Psammobates","Psammobates pardalis",NA,NA,"Botswana"
"174","Psammobates pardalis","Geochelone pardalis Vinke, 2005","Psammobates","Psammobates pardalis",31.56667,-24.65,"South Africa"
"175","Psammobates pardalis","Geochelone pardalis Vinke, 2005","Psammobates","Psammobates pardalis",31.13333,-24.5,"South Africa"
"176","Psammobates oculifer","Psammobates oculiferus King, 1989","Psammobates","Psammobates oculifer",NA,NA,"Namibia"
"177","Psammobates oculifer","Psammobates oculiferus King, 1989","Psammobates","Psammobates oculifer",NA,NA,"Namibia"
"178","Psammobates oculifer","Psammobates oculiferus King, 1989","Psammobates","Psammobates oculifer",NA,NA,"Namibia"
"179","Psammobates oculifer","Psammobates oculiferus King, 1989","Psammobates","Psammobates oculifer",NA,NA,"Namibia"
"180","Psammobates pardalis","Geochelone pardalis Vinke, 2005","Psammobates","Psammobates pardalis",31.46667,-24.63333,"South Africa"
"181","Psammobates pardalis","Geochelone pardalis Vinke, 2005","Psammobates","Psammobates pardalis",28.8,-28.13333,"South Africa"
"182","Psammobates oculifer","Psammobates oculiferus King, 1989","Psammobates","Psammobates oculifer",29.28333,-24.96667,"South Africa"
"183","Psammobates oculifer","Psammobates oculiferus King, 1989","Psammobates","Psammobates oculifer",29.28333,-24.96667,"South Africa"
"184","Psammobates tentorius","Psammobates tentorius Bell, 1828","Psammobates","Psammobates tentorius",18.21667,-31.5,"South Africa"
"185","Psammobates pardalis","Geochelone pardalis Vinke, 2005","Psammobates","Psammobates pardalis",25.11667,-20.5,"Botswana"
"186","Psammobates pardalis","Geochelone pardalis Vinke, 2005","Psammobates","Psammobates pardalis",31.45,-24.6,"South Africa"
"187","Psammobates pardalis","Geochelone pardalis Vinke, 2005","Psammobates","Psammobates pardalis",31.51667,-24.7,"South Africa"
"188","Psammobates pardalis","Geochelone pardalis Vinke, 2005","Psammobates","Psammobates pardalis",31.51667,-24.7,"South Africa"
"189","Psammobates pardalis","Geochelone pardalis Vinke, 2005","Psammobates","Psammobates pardalis",31.45,-24.6,"South Africa"
"190","Psammobates pardalis","Geochelone pardalis Vinke, 2005","Psammobates","Psammobates pardalis",31.56667,-24.65,"South Africa"
"191","Psammobates pardalis","Geochelone pardalis Vinke, 2005","Psammobates","Psammobates pardalis",31.2,-24.56667,"South Africa"
"192","Psammobates pardalis","Geochelone pardalis Vinke, 2005","Psammobates","Psammobates pardalis",31.46667,-24.63333,"South Africa"
"193","Psammobates pardalis","Geochelone pardalis Vinke, 2005","Psammobates","Psammobates pardalis",31.55,-24.61667,"South Africa"
"194","Psammobates pardalis","Geochelone pardalis Vinke, 2005","Psammobates","Psammobates pardalis",31.51667,-24.7,"South Africa"
"195","Psammobates pardalis","Geochelone pardalis Vinke, 2005","Psammobates","Psammobates pardalis",31.56667,-24.65,"South Africa"
"196","Psammobates pardalis","Geochelone pardalis Vinke, 2005","Psammobates","Psammobates pardalis",31.46667,-24.63333,"South Africa"
"197","Psammobates pardalis","Geochelone pardalis Vinke, 2005","Psammobates","Psammobates pardalis",31.41667,-24.51667,"South Africa"
"198","Psammobates pardalis","Geochelone pardalis Vinke, 2005","Psammobates","Psammobates pardalis",31.51667,-24.7,"South Africa"
"199","Psammobates oculifer","Psammobates oculiferus King, 1989","Psammobates","Psammobates oculifer",NA,NA,"Botswana"
"200","Psammobates pardalis","Stigmochelys pardalis Valverde, 2005","Psammobates","Psammobates pardalis",NA,NA,"South Africa"
"201","Psammobates pardalis","Geochelone pardalis Vinke, 2005","Psammobates","Psammobates pardalis",NA,NA,"South Africa"
"202","Psammobates pardalis","Geochelone pardalis Vinke, 2005","Psammobates","Psammobates pardalis",29.03333,-22.46667,"South Africa"
"203","Psammobates pardalis","Geochelone pardalis Vinke, 2005","Psammobates","Psammobates pardalis",29.03333,-22.46667,"South Africa"
"204","Psammobates pardalis","Geochelone pardalis Vinke, 2005","Psammobates","Psammobates pardalis",29.03333,-22.46667,"South Africa"
"205","Psammobates pardalis","Geochelone pardalis Vinke, 2005","Psammobates","Psammobates pardalis",25.71667,-28.16667,"South Africa"
"206","Psammobates pardalis","Geochelone pardalis Vinke, 2005","Psammobates","Psammobates pardalis",29.76667,-22.73333,"South Africa"
"207","Psammobates pardalis","Geochelone pardalis Vinke, 2005","Psammobates","Psammobates pardalis",28.75,-25.15,"South Africa"
"208","Psammobates pardalis","Geochelone pardalis Vinke, 2005","Psammobates","Psammobates pardalis",20.83333,-25.2,"South Africa"
"209","Psammobates pardalis","Geochelone pardalis Vinke, 2005","Psammobates","Psammobates pardalis",13.83333,-20.4,"Namibia"
"210","Psammobates pardalis","Geochelone pardalis Vinke, 2005","Psammobates","Psammobates pardalis",39.45,-4.21667,"Kenya"
"211","Psammobates pardalis","Geochelone pardalis Vinke, 2005","Psammobates","Psammobates pardalis",NA,NA,"South Africa"
"212","Psammobates pardalis","Geochelone pardalis Vinke, 2005","Psammobates","Psammobates pardalis",32.08333,-27.56667,"South Africa"
"213","Psammobates tentorius","Psammobates tentorius Bell, 1828","Psammobates","Psammobates tentorius",NA,NA,NA
"214","Psammobates pardalis","Geochelone pardalis Vinke, 2005","Psammobates","Psammobates pardalis",32.03333,-27.6,"South Africa"
"215","Psammobates oculifer","Psammobates oculiferus King, 1989","Psammobates","Psammobates oculifer",NA,NA,"South Africa"
"216","Psammobates pardalis","Geochelone pardalis Vinke, 2005","Psammobates","Psammobates pardalis",31.86667,-25.96667,"South Africa"
"217","Psammobates pardalis","Geochelone pardalis Vinke, 2005","Psammobates","Psammobates pardalis",25.8,-20.88333,"Botswana"
"218","Psammobates pardalis","Geochelone pardalis Vinke, 2005","Psammobates","Psammobates pardalis",23.82729,-19.11662,"Botswana"
"219","Psammobates oculifer","Psammobates oculiferus King, 1989","Psammobates","Psammobates oculifer",NA,NA,"South Africa"
"220","Psammobates oculifer","Psammobates oculiferus King, 1989","Psammobates","Psammobates oculifer",NA,NA,NA
"221","Psammobates pardalis","Geochelone pardalis Vinke, 2005","Psammobates","Psammobates pardalis",NA,NA,"United States"
"222","Psammobates pardalis","Geochelone pardalis Vinke, 2005","Psammobates","Psammobates pardalis",31.36667,-27.5,"South Africa"
"223","Psammobates tentorius","Psammobates tentorius Bell, 1828","Psammobates","Psammobates tentorius",17.75,-27.58333,"Namibia"
"224","Psammobates pardalis","Geochelone pardalis Vinke, 2005","Psammobates","Psammobates pardalis",NA,NA,NA
"225","Psammobates tentorius","Psammobates tentorius Bell, 1828","Psammobates","Psammobates tentorius",21.01667,-28.65,"South Africa"
"226","Psammobates oculifer","Psammobates oculiferus King, 1989","Psammobates","Psammobates oculifer",29.93333,-24.26667,"South Africa"
"227","Psammobates oculifer","Psammobates oculiferus King, 1989","Psammobates","Psammobates oculifer",29.93333,-24.26667,"South Africa"
"228","Psammobates oculifer","Psammobates oculiferus King, 1989","Psammobates","Psammobates oculifer",29.93333,-24.26667,"South Africa"
"229","Psammobates pardalis","Geochelone pardalis Vinke, 2005","Psammobates","Psammobates pardalis",NA,NA,"South Africa"
"230","Psammobates oculifer","Psammobates oculifer Kuhl, 1820","Psammobates","Psammobates oculifer",NA,NA,"Botswana"
"231","Psammobates pardalis","Geochelone pardalis Vinke, 2005","Psammobates","Psammobates pardalis",NA,NA,NA
"232","Psammobates pardalis","Geochelone pardalis Vinke, 2005","Psammobates","Psammobates pardalis",NA,NA,"South Africa"
"233","Psammobates pardalis","Geochelone pardalis Vinke, 2005","Psammobates","Psammobates pardalis",38.25246,-2.7524,"Kenya"
"234","Psammobates pardalis","Geochelone pardalis Vinke, 2005","Psammobates","Psammobates pardalis",NA,NA,"Kenya"
"235","Psammobates oculifer","Psammobates oculifer Kuhl, 1820","Psammobates","Psammobates oculifer",NA,NA,"Namibia"
"236","Psammobates pardalis","Geochelone pardalis Vinke, 2005","Psammobates","Psammobates pardalis",NA,NA,"South Africa"
"237","Psammobates pardalis","Geochelone pardalis Vinke, 2005","Psammobates","Psammobates pardalis",NA,NA,NA
"238","Psammobates pardalis","Geochelone pardalis Vinke, 2005","Psammobates","Psammobates pardalis",NA,NA,"South Africa"
"239","Psammobates oculifer","Psammobates oculiferus King, 1989","Psammobates","Psammobates oculifer",NA,NA,"South Africa"
"240","Psammobates pardalis","Geochelone pardalis Vinke, 2005","Psammobates","Psammobates pardalis",NA,NA,"South Africa"
"241","Psammobates pardalis","Geochelone pardalis Vinke, 2005","Psammobates","Psammobates pardalis",NA,NA,"South Africa"
"242","Psammobates pardalis","Geochelone pardalis Vinke, 2005","Psammobates","Psammobates pardalis",42.6945,0.4335,"Somalia"
"243","Psammobates oculifer","Psammobates oculiferus King, 1989","Psammobates","Psammobates oculifer",NA,NA,"South Africa"
"244","Psammobates tentorius","Psammobates tentorius Bell, 1828","Psammobates","Psammobates tentorius",18.21667,-28.71667,"Namibia"
"245","Psammobates oculifer","Psammobates oculifer Kuhl, 1820","Psammobates","Psammobates oculifer",NA,NA,"Namibia"
"246","Psammobates oculifer","Psammobates oculiferus King, 1989","Psammobates","Psammobates oculifer",NA,NA,"South Africa"
"247","Psammobates pardalis","Geochelone pardalis Vinke, 2005","Psammobates","Psammobates pardalis",NA,NA,"South Africa"
"248","Psammobates oculifer","Psammobates oculiferus King, 1989","Psammobates","Psammobates oculifer",NA,NA,"South Africa"
"249","Psammobates pardalis","Geochelone pardalis Vinke, 2005","Psammobates","Psammobates pardalis",NA,NA,"South Africa"
"250","Psammobates pardalis","Geochelone pardalis Vinke, 2005","Psammobates","Psammobates pardalis",NA,NA,"South Africa"
"251","Psammobates pardalis","Geochelone pardalis Vinke, 2005","Psammobates","Psammobates pardalis",NA,NA,NA
"252","Psammobates pardalis","Stigmochelys pardalis Valverde, 2005","Psammobates","Psammobates pardalis",27.70211,-17.25636,"Zimbabwe"
"253","Psammobates oculifer","Psammobates oculiferus King, 1989","Psammobates","Psammobates oculifer",NA,NA,"South Africa"
"254","Psammobates pardalis","Geochelone pardalis Vinke, 2005","Psammobates","Psammobates pardalis",NA,NA,"South Africa"
"255","Psammobates pardalis","Geochelone pardalis Vinke, 2005","Psammobates","Psammobates pardalis",NA,NA,"South Africa"
"256","Psammobates pardalis","Geochelone pardalis Vinke, 2005","Psammobates","Psammobates pardalis",NA,NA,"South Africa"
"257","Psammobates pardalis","Geochelone pardalis Vinke, 2005","Psammobates","Psammobates pardalis",NA,NA,"South Africa"
"258","Psammobates pardalis","Geochelone pardalis Vinke, 2005","Psammobates","Psammobates pardalis",36.1,0.25,"Kenya"
"259","Psammobates pardalis","Geochelone pardalis Vinke, 2005","Psammobates","Psammobates pardalis",NA,NA,NA
"260","Psammobates pardalis","Geochelone pardalis Vinke, 2005","Psammobates","Psammobates pardalis",NA,NA,NA
"261","Psammobates pardalis","Stigmochelys pardalis Valverde, 2005","Psammobates","Psammobates pardalis",NA,NA,"Tanzania, United Republic of"
"262","Psammobates pardalis","Geochelone pardalis Vinke, 2005","Psammobates","Psammobates pardalis",NA,NA,NA
"263","Psammobates pardalis","Geochelone pardalis Vinke, 2005","Psammobates","Psammobates pardalis",NA,NA,NA
"264","Psammobates pardalis","Geochelone pardalis Vinke, 2005","Psammobates","Psammobates pardalis",NA,NA,NA
"265","Psammobates oculifer","Psammobates oculiferus King, 1989","Psammobates","Psammobates oculifer",27.75,-23.65,"South Africa"
"266","Psammobates pardalis","Geochelone pardalis Vinke, 2005","Psammobates","Psammobates pardalis",NA,NA,NA
"267","Psammobates oculifer","Psammobates oculifer Kuhl, 1820","Psammobates","Psammobates oculifer",NA,NA,NA
"268","Psammobates pardalis","Geochelone pardalis Vinke, 2005","Psammobates","Psammobates pardalis",NA,NA,NA
"269","Psammobates pardalis","Geochelone pardalis Vinke, 2005","Psammobates","Psammobates pardalis",NA,NA,NA
"270","Psammobates pardalis","Geochelone pardalis Vinke, 2005","Psammobates","Psammobates pardalis",NA,NA,NA
"271","Psammobates pardalis","Geochelone pardalis Vinke, 2005","Psammobates","Psammobates pardalis",NA,NA,NA
"272","Psammobates pardalis","Geochelone pardalis Vinke, 2005","Psammobates","Psammobates pardalis",42.6945,0.4335,"Somalia"
"273","Psammobates pardalis","Geochelone pardalis Vinke, 2005","Psammobates","Psammobates pardalis",NA,NA,NA
"274","Psammobates pardalis","Geochelone pardalis Vinke, 2005","Psammobates","Psammobates pardalis",NA,NA,NA
"275","Psammobates pardalis","Geochelone pardalis Vinke, 2005","Psammobates","Psammobates pardalis",14.1,-19.31667,"Namibia"
"276","Psammobates pardalis","Geochelone pardalis Vinke, 2005","Psammobates","Psammobates pardalis",12.45,-17.26667,"Namibia"
"277","Psammobates oculifer","Psammobates oculifer Kuhl, 1820","Psammobates","Psammobates oculifer",-64.2,-44.05,"Argentina"
"278","Psammobates tentorius","Psammobates tentorius verroxii (Smith, 1839)","Psammobates","Psammobates tentorius",NA,NA,NA
"279","Psammobates oculifer","Psammobates oculifer Kuhl, 1820","Psammobates","Psammobates oculifer",-60.6833,-41.4833,"Argentina"
"280","Psammobates pardalis","Geochelone pardalis Vinke, 2005","Psammobates","Psammobates pardalis",NA,NA,NA
"281","Psammobates pardalis","Geochelone pardalis Vinke, 2005","Psammobates","Psammobates pardalis",NA,NA,NA
"282","Psammobates pardalis","Geochelone pardalis Vinke, 2005","Psammobates","Psammobates pardalis",NA,NA,NA
"283","Psammobates pardalis","Geochelone pardalis Vinke, 2005","Psammobates","Psammobates pardalis",NA,NA,NA
"284","Psammobates pardalis","Geochelone pardalis Vinke, 2005","Psammobates","Psammobates pardalis",NA,NA,NA
"285","Psammobates pardalis","Geochelone pardalis Vinke, 2005","Psammobates","Psammobates pardalis",NA,NA,NA
"286","Psammobates pardalis","Geochelone pardalis Vinke, 2005","Psammobates","Psammobates pardalis",NA,NA,NA
"287","Psammobates pardalis","Geochelone pardalis Vinke, 2005","Psammobates","Psammobates pardalis",NA,NA,NA
"288","Psammobates pardalis","Geochelone pardalis Vinke, 2005","Psammobates","Psammobates pardalis",NA,NA,NA
"289","Psammobates pardalis","Geochelone pardalis Vinke, 2005","Psammobates","Psammobates pardalis",32.25,-26.91667,"South Africa"
"290","Psammobates pardalis","Geochelone pardalis Vinke, 2005","Psammobates","Psammobates pardalis",NA,NA,NA
"291","Psammobates pardalis","Geochelone pardalis Vinke, 2005","Psammobates","Psammobates pardalis",NA,NA,"South Africa"
"292","Psammobates pardalis","Geochelone pardalis Vinke, 2005","Psammobates","Psammobates pardalis",NA,NA,NA
"293","Psammobates pardalis","Geochelone pardalis Vinke, 2005","Psammobates","Psammobates pardalis",NA,NA,"Kenya"
"294","Psammobates pardalis","Geochelone pardalis Vinke, 2005","Psammobates","Psammobates pardalis",NA,NA,NA
"295","Psammobates tentorius","Psammobates tentorius verroxii (Smith, 1839)","Psammobates","Psammobates tentorius",NA,NA,NA
"296","Psammobates oculifer","Psammobates oculifer Kuhl, 1820","Psammobates","Psammobates oculifer",NA,NA,NA
"297","Psammobates oculifer","Psammobates oculifer Kuhl, 1820","Psammobates","Psammobates oculifer",NA,NA,NA
"298","Psammobates pardalis","Geochelone pardalis Vinke, 2005","Psammobates","Psammobates pardalis",NA,NA,NA
"299","Psammobates pardalis","Geochelone pardalis Vinke, 2005","Psammobates","Psammobates pardalis",12.66667,-15.01667,"Angola"
"300","Psammobates pardalis","Geochelone pardalis Vinke, 2005","Psammobates","Psammobates pardalis",NA,NA,"Tanzania, United Republic of"
"301","Psammobates oculifer","Psammobates oculiferus King, 1989","Psammobates","Psammobates oculifer",29.21667,-22.83333,"South Africa"
"302","Psammobates pardalis","Geochelone pardalis Vinke, 2005","Psammobates","Psammobates pardalis",NA,NA,"South Africa"
"303","Psammobates pardalis","Geochelone pardalis Vinke, 2005","Psammobates","Psammobates pardalis",NA,NA,"South Africa"
"304","Psammobates oculifer","Psammobates oculifer Kuhl, 1820","Psammobates","Psammobates oculifer",17.73333,-19.48333,"Namibia"
"305","Psammobates oculifer","Psammobates oculifer Kuhl, 1820","Psammobates","Psammobates oculifer",NA,NA,"South Africa"
"306","Psammobates oculifer","Psammobates oculifer Kuhl, 1820","Psammobates","Psammobates oculifer",NA,NA,"South Africa"
"307","Psammobates oculifer","Psammobates oculifer Kuhl, 1820","Psammobates","Psammobates oculifer",NA,NA,"South Africa"
"308","Psammobates oculifer","Psammobates oculiferus King, 1989","Psammobates","Psammobates oculifer",NA,NA,"South Africa"
"309","Psammobates oculifer","Psammobates oculiferus King, 1989","Psammobates","Psammobates oculifer",NA,NA,"South Africa"
"310","Psammobates pardalis","Geochelone pardalis Vinke, 2005","Psammobates","Psammobates pardalis",NA,NA,"South Africa"
"311","Psammobates oculifer","Psammobates oculiferus King, 1989","Psammobates","Psammobates oculifer",NA,NA,NA
"312","Psammobates pardalis","Geochelone pardalis Vinke, 2005","Psammobates","Psammobates pardalis",NA,NA,"South Africa"
"313","Psammobates oculifer","Psammobates oculiferus King, 1989","Psammobates","Psammobates oculifer",NA,NA,"South Africa"
"314","Psammobates oculifer","Psammobates oculiferus King, 1989","Psammobates","Psammobates oculifer",NA,NA,NA
"315","Psammobates tentorius","Psammobates tentorius Bell, 1828","Psammobates","Psammobates tentorius",24.08333,-29.61667,"South Africa"
"316","Psammobates tentorius","Psammobates tentorius Bell, 1828","Psammobates","Psammobates tentorius",NA,NA,"South Africa"
"317","Psammobates tentorius","Psammobates tentorius Bell, 1828","Psammobates","Psammobates tentorius",18.26667,-31.03333,"South Africa"
"318","Psammobates tentorius","Psammobates tentorius Bell, 1828","Psammobates","Psammobates tentorius",17.58333,-30.83333,"South Africa"
"319","Psammobates oculifer","Psammobates oculifer Kuhl, 1820","Psammobates","Psammobates oculifer",NA,NA,"Namibia"
"320","Psammobates oculifer","Psammobates oculifer Kuhl, 1820","Psammobates","Psammobates oculifer",NA,NA,"Namibia"
"321","Psammobates tentorius","Psammobates tentorius Bell, 1828","Psammobates","Psammobates tentorius",21.51667,-31.9,"South Africa"
"322","Psammobates oculifer","Psammobates oculifer Kuhl, 1820","Psammobates","Psammobates oculifer",NA,NA,"South Africa"
"323","Psammobates pardalis","Geochelone pardalis Vinke, 2005","Psammobates","Psammobates pardalis",17.73333,-19.48333,"Namibia"
"324","Psammobates pardalis","Geochelone pardalis Vinke, 2005","Psammobates","Psammobates pardalis",17.73333,-19.48333,"Namibia"
"325","Psammobates pardalis","Geochelone pardalis Vinke, 2005","Psammobates","Psammobates pardalis",17.73333,-19.48333,"Namibia"
"326","Psammobates oculifer","Psammobates oculiferus King, 1989","Psammobates","Psammobates oculifer",19.76667,-17.91667,"Namibia"
"327","Psammobates oculifer","Psammobates oculiferus King, 1989","Psammobates","Psammobates oculifer",29.28333,-24.96667,"South Africa"
"328","Psammobates pardalis","Geochelone pardalis Vinke, 2005","Psammobates","Psammobates pardalis",NA,NA,"Angola"
"329","Psammobates pardalis","Geochelone pardalis Vinke, 2005","Psammobates","Psammobates pardalis",38.65,3.56667,"Kenya"
"330","Psammobates pardalis","Geochelone pardalis Vinke, 2005","Psammobates","Psammobates pardalis",40.5342333236863,1.7471379164194,"Kenya"
"331","Psammobates tentorius","Psammobates tentorius Bell, 1828","Psammobates","Psammobates tentorius",22.01667,-33.21667,"South Africa"
"332","Psammobates oculifer","Psammobates oculiferus King, 1989","Psammobates","Psammobates oculifer",18.8,-23.38333,"Namibia"
"333","Psammobates pardalis","Geochelone pardalis Vinke, 2005","Psammobates","Psammobates pardalis",29.01667,-24.18333,"South Africa"
"334","Psammobates oculifer","Psammobates oculifer Kuhl, 1820","Psammobates","Psammobates oculifer",21.9,-27.28333,"South Africa"
"335","Psammobates oculifer","Psammobates oculifer Kuhl, 1820","Psammobates","Psammobates oculifer",22.26667,-28.21667,"South Africa"
"336","Psammobates oculifer","Psammobates oculifer Kuhl, 1820","Psammobates","Psammobates oculifer",22.46667,-26.13333,"Botswana"
"337","Psammobates oculifer","Psammobates oculifer Kuhl, 1820","Psammobates","Psammobates oculifer",22.46667,-26.13333,"Botswana"
"338","Psammobates oculifer","Psammobates oculiferus King, 1989","Psammobates","Psammobates oculifer",NA,NA,"South Africa"
"339","Psammobates oculifer","Psammobates oculiferus King, 1989","Psammobates","Psammobates oculifer",NA,NA,"South Africa"
"340","Psammobates pardalis","Geochelone pardalis Vinke, 2005","Psammobates","Psammobates pardalis",36.05,-0.08333,"Kenya"
"341","Psammobates oculifer","Psammobates oculifer Kuhl, 1820","Psammobates","Psammobates oculifer",21.9,-27.28333,"South Africa"
"342","Psammobates oculifer","Psammobates oculifer Kuhl, 1820","Psammobates","Psammobates oculifer",19.81667,-26.36667,"Namibia"
"343","Psammobates pardalis","Geochelone pardalis Vinke, 2005","Psammobates","Psammobates pardalis",36.68333,0.81667,"Kenya"
"344","Psammobates pardalis","Geochelone pardalis Vinke, 2005","Psammobates","Psammobates pardalis",NA,NA,NA
"345","Psammobates oculifer","Psammobates oculiferus King, 1989","Psammobates","Psammobates oculifer",29.36767,-22.8525,"South Africa"
"346","Psammobates pardalis","Geochelone pardalis Vinke, 2005","Psammobates","Psammobates pardalis",NA,NA,"United States"
"347","Psammobates pardalis","Geochelone pardalis Vinke, 2005","Psammobates","Psammobates pardalis",NA,NA,NA
"348","Psammobates pardalis","Geochelone pardalis Vinke, 2005","Psammobates","Psammobates pardalis",NA,NA,NA
"349","Psammobates pardalis","Geochelone pardalis Vinke, 2005","Psammobates","Psammobates pardalis",NA,NA,NA
"350","Psammobates pardalis","Geochelone pardalis Vinke, 2005","Psammobates","Psammobates pardalis",NA,NA,NA
"351","Psammobates pardalis","Geochelone pardalis Vinke, 2005","Psammobates","Psammobates pardalis",NA,NA,NA
"352","Psammobates pardalis","Geochelone pardalis Vinke, 2005","Psammobates","Psammobates pardalis",NA,NA,NA
"353","Psammobates tentorius","Psammobates tentorius Bell, 1828","Psammobates","Psammobates tentorius",NA,NA,"South Africa"
"354","Psammobates tentorius","Psammobates tentorius Bell, 1828","Psammobates","Psammobates tentorius",20.83333,-31.03333,"South Africa"
"355","Psammobates tentorius","Psammobates tentorius Bell, 1828","Psammobates","Psammobates tentorius",21.6,-31.83333,"South Africa"
"356","Psammobates tentorius","Psammobates tentorius Bell, 1828","Psammobates","Psammobates tentorius",NA,NA,"South Africa"
"357","Psammobates tentorius","Psammobates tentorius Bell, 1828","Psammobates","Psammobates tentorius",21.63333,-31.83333,"South Africa"
"358","Psammobates tentorius","Psammobates tentorius Bell, 1828","Psammobates","Psammobates tentorius",21.45,-31.83333,"South Africa"
"359","Psammobates tentorius","Psammobates tentorius Bell, 1828","Psammobates","Psammobates tentorius",21.45,-31.83333,"South Africa"
"360","Psammobates tentorius","Psammobates tentorius Bell, 1828","Psammobates","Psammobates tentorius",20.9,-31.1,"South Africa"
"361","Psammobates tentorius","Psammobates tentorius Bell, 1828","Psammobates","Psammobates tentorius",NA,NA,"South Africa"
"362","Psammobates tentorius","Psammobates tentorius Bell, 1828","Psammobates","Psammobates tentorius",20.83333,-31.03333,"South Africa"
"363","Psammobates tentorius","Psammobates tentorius Bell, 1828","Psammobates","Psammobates tentorius",21.63333,-31.83333,"South Africa"
"364","Psammobates tentorius","Psammobates tentorius Bell, 1828","Psammobates","Psammobates tentorius",21.63333,-31.83333,"South Africa"
"365","Psammobates tentorius","Psammobates tentorius Bell, 1828","Psammobates","Psammobates tentorius",NA,NA,"South Africa"
"366","Psammobates tentorius","Psammobates tentorius Bell, 1828","Psammobates","Psammobates tentorius",NA,NA,"South Africa"
"367","Psammobates tentorius","Psammobates tentorius Bell, 1828","Psammobates","Psammobates tentorius",17.45,-29.25,"South Africa"
"368","Psammobates pardalis","Geochelone pardalis Vinke, 2005","Psammobates","Psammobates pardalis",29.46317,-23.74817,"South Africa"
"369","Psammobates oculifer","Psammobates oculifer Kuhl, 1820","Psammobates","Psammobates oculifer",22.53333,-26.75,"South Africa"
"370","Psammobates oculifer","Psammobates oculifer Kuhl, 1820","Psammobates","Psammobates oculifer",21.96667,-28.3,"South Africa"
"371","Psammobates pardalis","Geochelone pardalis Vinke, 2005","Psammobates","Psammobates pardalis",NA,NA,NA
"372","Psammobates oculifer","Psammobates oculifer Kuhl, 1820","Psammobates","Psammobates oculifer",NA,NA,NA
"373","Psammobates pardalis","Geochelone pardalis Vinke, 2005","Psammobates","Psammobates pardalis",NA,NA,NA
"374","Psammobates tentorius","Psammobates tentorius Bell, 1828","Psammobates","Psammobates tentorius",18.68333,-30.55,"South Africa"
"375","Psammobates tentorius","Psammobates tentorius Bell, 1828","Psammobates","Psammobates tentorius",20.35,-31.98333,"South Africa"
"376","Psammobates tentorius","Psammobates tentorius Bell, 1828","Psammobates","Psammobates tentorius",19.5,-31.45,"South Africa"
"377","Psammobates tentorius","Psammobates tentorius Bell, 1828","Psammobates","Psammobates tentorius",NA,NA,"South Africa"
"378","Psammobates tentorius","Psammobates tentorius Bell, 1828","Psammobates","Psammobates tentorius",17.16667,-29.31667,"South Africa"
"379","Psammobates tentorius","Psammobates tentorius Bell, 1828","Psammobates","Psammobates tentorius",18.1,-30.36667,"South Africa"
"380","Psammobates pardalis","Geochelone pardalis Vinke, 2005","Psammobates","Psammobates pardalis",NA,NA,NA
"381","Psammobates tentorius","Psammobates tentorius Bell, 1828","Psammobates","Psammobates tentorius",16.85,-28.38333,"South Africa"
"382","Psammobates pardalis","Geochelone pardalis Vinke, 2005","Psammobates","Psammobates pardalis",NA,NA,NA
"383","Psammobates pardalis","Geochelone pardalis Vinke, 2005","Psammobates","Psammobates pardalis",NA,NA,"South Africa"
"384","Psammobates oculifer","Psammobates oculiferus King, 1989","Psammobates","Psammobates oculifer",NA,NA,"South Africa"
"385","Psammobates oculifer","Psammobates oculiferus King, 1989","Psammobates","Psammobates oculifer",NA,NA,"South Africa"
"386","Psammobates tentorius","Psammobates tentorius Bell, 1828","Psammobates","Psammobates tentorius",NA,NA,"South Africa"
"387","Psammobates oculifer","Psammobates oculifer Kuhl, 1820","Psammobates","Psammobates oculifer",NA,NA,"Botswana"
"388","Psammobates oculifer","Psammobates oculifer Kuhl, 1820","Psammobates","Psammobates oculifer",NA,NA,"Botswana"
"389","Psammobates oculifer","Psammobates oculifer Kuhl, 1820","Psammobates","Psammobates oculifer",NA,NA,"Botswana"
"390","Psammobates pardalis","Geochelone pardalis Vinke, 2005","Psammobates","Psammobates pardalis",35.93333,-0.01667,"Kenya"
"391","Psammobates pardalis","Geochelone pardalis Vinke, 2005","Psammobates","Psammobates pardalis",35.93333,-0.01667,"Kenya"
"392","Psammobates pardalis","Geochelone pardalis Vinke, 2005","Psammobates","Psammobates pardalis",35.93333,-0.01667,"Kenya"
"393","Psammobates geometricus","Psammobates geometricus Linnaeus, 1758","Psammobates","Psammobates geometricus",NA,NA,"South Africa"
"394","Psammobates tentorius","Psammobates tentorius Bell, 1828","Psammobates","Psammobates tentorius",17.61667,-29.21667,"South Africa"
"395","Psammobates pardalis","Geochelone pardalis Vinke, 2005","Psammobates","Psammobates pardalis",34.65213,2.50735,"Uganda"
"396","Psammobates pardalis","Geochelone pardalis Vinke, 2005","Psammobates","Psammobates pardalis",NA,NA,"South Africa"
"397","Psammobates pardalis","Geochelone pardalis Vinke, 2005","Psammobates","Psammobates pardalis",32.25,-26.91667,"South Africa"
"398","Psammobates oculifer","Psammobates oculiferus King, 1989","Psammobates","Psammobates oculifer",24.73333,-26.95,"South Africa"
"399","Psammobates pardalis","Geochelone pardalis Vinke, 2005","Psammobates","Psammobates pardalis",32.25,-26.91667,"South Africa"
"400","Psammobates pardalis","Geochelone pardalis Vinke, 2005","Psammobates","Psammobates pardalis",32.25,-26.91667,"South Africa"
"401","Psammobates oculifer","Psammobates oculiferus King, 1989","Psammobates","Psammobates oculifer",24.73333,-26.95,"South Africa"
"402","Psammobates oculifer","Psammobates oculiferus King, 1989","Psammobates","Psammobates oculifer",NA,NA,NA
"403","Psammobates pardalis","Geochelone pardalis Vinke, 2005","Psammobates","Psammobates pardalis",NA,NA,"Botswana"
"404","Psammobates tentorius","Psammobates tentorius Bell, 1828","Psammobates","Psammobates tentorius",NA,NA,"South Africa"
"405","Psammobates tentorius","Psammobates tentorius Bell, 1828","Psammobates","Psammobates tentorius",NA,NA,"South Africa"
"406","Psammobates pardalis","Geochelone pardalis Vinke, 2005","Psammobates","Psammobates pardalis",NA,NA,NA
"407","Psammobates tentorius","Psammobates tentorius Bell, 1828","Psammobates","Psammobates tentorius",NA,NA,"South Africa"
"408","Psammobates oculifer","Psammobates oculifer Kuhl, 1820","Psammobates","Psammobates oculifer",NA,NA,"Botswana"
"409","Psammobates tentorius","Psammobates tentorius verroxii (Smith, 1839)","Psammobates","Psammobates tentorius",NA,NA,"South Africa"
"410","Psammobates oculifer","Psammobates oculiferus King, 1989","Psammobates","Psammobates oculifer",NA,NA,NA
"411","Psammobates pardalis","Geochelone pardalis Vinke, 2005","Psammobates","Psammobates pardalis",NA,NA,NA
"412","Psammobates pardalis","Geochelone pardalis Vinke, 2005","Psammobates","Psammobates pardalis",31.85,-28.3,"South Africa"
"413","Psammobates pardalis","Geochelone pardalis Vinke, 2005","Psammobates","Psammobates pardalis",NA,NA,NA
"414","Psammobates oculifer","Psammobates oculiferus King, 1989","Psammobates","Psammobates oculifer",NA,NA,NA
"415","Psammobates oculifer","Psammobates oculiferus King, 1989","Psammobates","Psammobates oculifer",NA,NA,NA
"416","Psammobates geometricus","Psammobates geometricus Linnaeus, 1758","Psammobates","Psammobates geometricus",NA,NA,NA
"417","Psammobates oculifer","Psammobates oculiferus King, 1989","Psammobates","Psammobates oculifer",NA,NA,"South Africa"
"418","Psammobates pardalis","Geochelone pardalis Vinke, 2005","Psammobates","Psammobates pardalis",35.83333,-3.58333,"Tanzania, United Republic of"
"419","Psammobates pardalis","Geochelone pardalis Vinke, 2005","Psammobates","Psammobates pardalis",NA,NA,NA
"420","Psammobates pardalis","Geochelone pardalis Vinke, 2005","Psammobates","Psammobates pardalis",33.5,-22.83333,"Mozambique"
"421","Psammobates pardalis","Geochelone pardalis Vinke, 2005","Psammobates","Psammobates pardalis",NA,NA,NA
"422","Psammobates pardalis","Stigmochelys pardalis Valverde, 2005","Psammobates","Psammobates pardalis",NA,NA,"South Africa"
"423","Psammobates tentorius","Psammobates tentorius trimeni (Boulenger, 1886)","Psammobates","Psammobates tentorius",NA,NA,"South Africa"
"424","Psammobates tentorius","Psammobates tentorius subsp. tentorius","Psammobates","Psammobates tentorius",NA,NA,"South Africa"
"425","Psammobates oculifer","Psammobates oculiferus King, 1989","Psammobates","Psammobates oculifer",22.73333,-27.93333,"South Africa"
"426","Psammobates pardalis","Geochelone pardalis Vinke, 2005","Psammobates","Psammobates pardalis",NA,NA,NA
"427","Psammobates pardalis","Geochelone pardalis Vinke, 2005","Psammobates","Psammobates pardalis",31.35,-22.61667,"South Africa"
"428","Psammobates oculifer","Psammobates oculiferus King, 1989","Psammobates","Psammobates oculifer",NA,NA,"South Africa"
"429","Psammobates pardalis","Geochelone pardalis Vinke, 2005","Psammobates","Psammobates pardalis",26.2,-29.13333,"South Africa"
"430","Psammobates tentorius","Psammobates tentorius Bell, 1828","Psammobates","Psammobates tentorius",16.86667,-28.45,"South Africa"
"431","Psammobates tentorius","Psammobates tentorius Bell, 1828","Psammobates","Psammobates tentorius",16.86667,-28.45,"South Africa"
"432","Psammobates tentorius","Psammobates tentorius Bell, 1828","Psammobates","Psammobates tentorius",NA,NA,"South Africa"
"433","Psammobates tentorius","Psammobates tentorius Bell, 1828","Psammobates","Psammobates tentorius",NA,NA,"South Africa"
"434","Psammobates pardalis","Geochelone pardalis Vinke, 2005","Psammobates","Psammobates pardalis",NA,NA,"Somalia"
"435","Psammobates pardalis","Geochelone pardalis Vinke, 2005","Psammobates","Psammobates pardalis",NA,NA,"Somalia"
"436","Psammobates pardalis","Geochelone pardalis Vinke, 2005","Psammobates","Psammobates pardalis",NA,NA,"Somalia"
"437","Psammobates pardalis","Geochelone pardalis Vinke, 2005","Psammobates","Psammobates pardalis",NA,NA,"Somalia"
"438","Psammobates pardalis","Geochelone pardalis Vinke, 2005","Psammobates","Psammobates pardalis",NA,NA,"Somalia"
"439","Psammobates pardalis","Geochelone pardalis Vinke, 2005","Psammobates","Psammobates pardalis",NA,NA,"Somalia"
"440","Psammobates pardalis","Geochelone pardalis Vinke, 2005","Psammobates","Psammobates pardalis",NA,NA,"Somalia"
"441","Psammobates pardalis","Geochelone pardalis Vinke, 2005","Psammobates","Psammobates pardalis",NA,NA,"Somalia"
"442","Psammobates pardalis","Geochelone pardalis Vinke, 2005","Psammobates","Psammobates pardalis",NA,NA,"Somalia"
"443","Psammobates pardalis","Geochelone pardalis Vinke, 2005","Psammobates","Psammobates pardalis",NA,NA,"Somalia"
"444","Psammobates pardalis","Geochelone pardalis Vinke, 2005","Psammobates","Psammobates pardalis",NA,NA,"Somalia"
"445","Psammobates pardalis","Geochelone pardalis Vinke, 2005","Psammobates","Psammobates pardalis",37.51217,-2.72138,"Kenya"
"446","Psammobates oculifer","Psammobates oculiferus King, 1989","Psammobates","Psammobates oculifer",NA,NA,NA
"447","Psammobates oculifer","Psammobates oculiferus King, 1989","Psammobates","Psammobates oculifer",NA,NA,NA
"448","Psammobates oculifer","Psammobates oculiferus King, 1989","Psammobates","Psammobates oculifer",NA,NA,NA
"449","Psammobates oculifer","Psammobates oculiferus King, 1989","Psammobates","Psammobates oculifer",NA,NA,NA
"450","Psammobates oculifer","Psammobates oculiferus King, 1989","Psammobates","Psammobates oculifer",NA,NA,NA
"451","Psammobates oculifer","Psammobates oculiferus King, 1989","Psammobates","Psammobates oculifer",21.71667,-22.38333,"Botswana"
"452","Psammobates oculifer","Psammobates oculiferus King, 1989","Psammobates","Psammobates oculifer",21.71667,-22.38333,"Botswana"
"453","Psammobates oculifer","Psammobates oculiferus King, 1989","Psammobates","Psammobates oculifer",21.91667,-24.48333,"Botswana"
"454","Psammobates oculifer","Psammobates oculiferus King, 1989","Psammobates","Psammobates oculifer",NA,NA,NA
"455","Psammobates oculifer","Psammobates oculiferus King, 1989","Psammobates","Psammobates oculifer",21.88333,-25.48333,"Botswana"
"456","Psammobates pardalis","Geochelone pardalis Vinke, 2005","Psammobates","Psammobates pardalis",NA,NA,"South Africa"
"457","Psammobates pardalis","Geochelone pardalis Vinke, 2005","Psammobates","Psammobates pardalis",NA,NA,NA
"458","Psammobates pardalis","Geochelone pardalis Vinke, 2005","Psammobates","Psammobates pardalis",NA,NA,NA
"459","Psammobates tentorius","Psammobates tentorius Bell, 1828","Psammobates","Psammobates tentorius",23.76667,-31.95,"South Africa"
"460","Psammobates tentorius","Psammobates tentorius Bell, 1828","Psammobates","Psammobates tentorius",23.76667,-31.95,"South Africa"
"461","Psammobates tentorius","Psammobates tentorius Bell, 1828","Psammobates","Psammobates tentorius",23.76667,-31.95,"South Africa"
"462","Psammobates tentorius","Psammobates tentorius Bell, 1828","Psammobates","Psammobates tentorius",NA,NA,"South Africa"
"463","Psammobates tentorius","Psammobates tentorius Bell, 1828","Psammobates","Psammobates tentorius",NA,NA,"South Africa"
"464","Psammobates pardalis","Geochelone pardalis Vinke, 2005","Psammobates","Psammobates pardalis",36.68333,-3.36667,"Tanzania, United Republic of"
"465","Psammobates tentorius","Psammobates tentorius Bell, 1828","Psammobates","Psammobates tentorius",NA,NA,"South Africa"
"466","Psammobates tentorius","Psammobates tentorius Bell, 1828","Psammobates","Psammobates tentorius",NA,NA,"South Africa"
"467","Psammobates oculifer","Psammobates oculifer Kuhl, 1820","Psammobates","Psammobates oculifer",NA,NA,"Botswana"
"468","Psammobates oculifer","Psammobates oculifer Kuhl, 1820","Psammobates","Psammobates oculifer",20.6,-19.97,"Namibia"
"469","Psammobates pardalis","Geochelone pardalis Vinke, 2005","Psammobates","Psammobates pardalis",20.6,-19.7,"Namibia"
"470","Psammobates oculifer","Psammobates oculifer Kuhl, 1820","Psammobates","Psammobates oculifer",NA,NA,"Namibia"
"471","Psammobates pardalis","Geochelone pardalis Vinke, 2005","Psammobates","Psammobates pardalis",NA,NA,"Tanzania, United Republic of"
"472","Psammobates tentorius","Psammobates tentorius Bell, 1828","Psammobates","Psammobates tentorius",17.88333,-29.66667,"South Africa"
"473","Psammobates tentorius","Psammobates tentorius Bell, 1828","Psammobates","Psammobates tentorius",22.01667,-33.21667,"South Africa"
"474","Psammobates tentorius","Psammobates tentorius Bell, 1828","Psammobates","Psammobates tentorius",22.01667,-33.21667,"South Africa"
"475","Psammobates tentorius","Psammobates tentorius Bell, 1828","Psammobates","Psammobates tentorius",23.48333,-33.28333,"South Africa"
"476","Psammobates tentorius","Psammobates tentorius Bell, 1828","Psammobates","Psammobates tentorius",22.01667,-33.21667,"South Africa"
"477","Psammobates tentorius","Psammobates tentorius Bell, 1828","Psammobates","Psammobates tentorius",23.48333,-33.28333,"South Africa"
"478","Psammobates oculifer","Psammobates oculiferus King, 1989","Psammobates","Psammobates oculifer",NA,NA,"South Africa"
"479","Psammobates tentorius","Psammobates tentorius Bell, 1828","Psammobates","Psammobates tentorius",17.98333,-30.55,"South Africa"
"480","Psammobates tentorius","Psammobates tentorius Bell, 1828","Psammobates","Psammobates tentorius",17.98333,-30.55,"South Africa"
"481","Psammobates pardalis","Geochelone pardalis Vinke, 2005","Psammobates","Psammobates pardalis",28.21667,-25.68333,"South Africa"
"482","Psammobates oculifer","Psammobates oculiferus King, 1989","Psammobates","Psammobates oculifer",NA,NA,NA
"483","Psammobates pardalis","Geochelone pardalis Vinke, 2005","Psammobates","Psammobates pardalis",NA,NA,"Zimbabwe"
"484","Psammobates tentorius","Psammobates tentorius Bell, 1828","Psammobates","Psammobates tentorius",20.58333,-33.23333,"South Africa"
"485","Psammobates tentorius","Psammobates tentorius Bell, 1828","Psammobates","Psammobates tentorius",24.08333,-29.61667,"South Africa"
"486","Psammobates tentorius","Psammobates tentorius Bell, 1828","Psammobates","Psammobates tentorius",NA,NA,"South Africa"
"487","Psammobates tentorius","Psammobates tentorius Bell, 1828","Psammobates","Psammobates tentorius",24.08333,-29.61667,"South Africa"
"488","Psammobates tentorius","Psammobates tentorius Bell, 1828","Psammobates","Psammobates tentorius",20.58333,-33.23333,"South Africa"
"489","Psammobates tentorius","Psammobates tentorius Bell, 1828","Psammobates","Psammobates tentorius",20.58333,-33.23333,"South Africa"
"490","Psammobates tentorius","Psammobates tentorius Bell, 1828","Psammobates","Psammobates tentorius",20.58333,-33.23333,"South Africa"
"491","Psammobates tentorius","Psammobates tentorius Bell, 1828","Psammobates","Psammobates tentorius",20.58333,-33.23333,"South Africa"
"492","Psammobates tentorius","Psammobates tentorius Bell, 1828","Psammobates","Psammobates tentorius",20.58333,-33.23333,"South Africa"
"493","Psammobates tentorius","Psammobates tentorius Bell, 1828","Psammobates","Psammobates tentorius",24.08333,-29.61667,"South Africa"
"494","Psammobates tentorius","Psammobates tentorius Bell, 1828","Psammobates","Psammobates tentorius",24.08333,-29.61667,"South Africa"
"495","Psammobates tentorius","Psammobates tentorius Bell, 1828","Psammobates","Psammobates tentorius",20.58333,-33.23333,"South Africa"
"496","Psammobates tentorius","Psammobates tentorius Bell, 1828","Psammobates","Psammobates tentorius",20.58333,-33.23333,"South Africa"
"497","Psammobates tentorius","Psammobates tentorius Bell, 1828","Psammobates","Psammobates tentorius",20.58333,-33.23333,"South Africa"
"498","Psammobates tentorius","Psammobates tentorius Bell, 1828","Psammobates","Psammobates tentorius",NA,NA,"South Africa"
"499","Psammobates tentorius","Psammobates tentorius Bell, 1828","Psammobates","Psammobates tentorius",21.21667,-33.91667,"South Africa"
"500","Psammobates pardalis","Geochelone pardalis Vinke, 2005","Psammobates","Psammobates pardalis",NA,NA,"South Africa"
